conversation_id,user_id,user_email,usage_frequency,support_agent_id,started_at,closed_at,company_id,company_name,subscription_id,subscription_type,score_id,created_at,score
222e1a4e-3416-4795-8e40-05758b03403c,818,johnmayo@example.com,38,1740,2023-01-02 18:18:41,2023-01-03 11:18:41,41,"Gonzalez, Hart and Gonzalez",3489e0da-c797-4532-bb01-b4688b0d8ec7,self-serve,289fdd09-d8e2-4c73-9b16-83ebd95ede52,2023-01-02 18:18:41,4
c298124f-0107-4794-9b3e-98a8f5eba994,130,stephanie37@example.com,40,1401,2023-05-17 09:59:38,2023-05-19 14:59:38,14,Graham-Jackson,f4989a14-c9b7-4471-8668-8e2595572d69,self-serve,ec9e1404-d2a8-4149-9a72-1705d6c84f19,2023-05-17 09:59:38,3
29a29dbd-08f0-4d76-9da4-7c8cb6e1ffb8,548,grayjohn@example.org,11,1818,2023-06-25 21:25:37,2023-06-27 22:25:37,16,"Roberson, Curtis and Vargas",955dc519-97cf-41b2-8b68-209a274ba7a0,free,355194c2-caab-4502-af4a-0805c0e1bb30,2023-06-25 21:25:37,5
fadfdb84-efe5-4841-9690-ff6a5ec1ba0c,577,riceteresa@example.org,68,1777,2023-05-26 10:56:41,2023-05-26 11:56:41,29,Lee-French,a3e0fd92-2244-43cc-8351-6788054b2eb6,self-serve,3b0db4bc-37b8-4842-818b-cede875d361e,2023-05-26 10:56:41,2
d452eb55-d780-4f48-9915-4f7fa0beedd4,875,freed@example.org,15,1205,2023-02-03 10:56:18,2023-02-04 00:56:18,5,Ramsey-Chan,b4124a9b-426b-4f92-8dc3-cfac60edb789,self-serve,2c9a4061-1149-4e68-8c84-9f482657ac10,2023-02-03 10:56:18,5
c75fdac2-e1fc-4337-bb32-701708525ca5,555,hwebster@example.net,12,1121,2023-02-10 19:38:52,2023-02-11 06:38:52,33,Navarro PLC,8892a812-4b74-4037-a0a2-368e836812be,self-serve,f8a26470-cd1e-446e-a929-8518800cfd3a,2023-02-10 19:38:52,4
32b42411-92a0-4c98-a0a4-fb9069b05835,136,mary82@example.net,35,1194,2023-06-13 12:56:25,2023-06-15 05:56:25,16,Sandoval Group,5e8cc2c0-e822-412f-8360-01ec042829c5,enterprise,9cd99c19-ff71-4105-9d65-9f42478dcd92,2023-06-13 12:56:25,5
0dee1e4a-ff83-4456-9397-0966d4653694,238,birdcarmen@example.com,58,1086,2023-06-18 10:47:49,2023-06-19 08:47:49,45,Callahan and Sons,70b0f919-4778-441e-acfb-fff578ac8f73,self-serve,011989aa-c581-485b-8e68-86f3ccfdd338,2023-06-18 10:47:49,2
99a628b1-c03d-416a-9291-f9e83121f464,535,graythomas@example.com,37,1825,2023-05-02 04:19:54,2023-05-03 11:19:54,7,"Gregory, Martinez and Richmond",2d2f720f-d6b3-4766-8d93-d291ae619442,free,9c204501-a097-4dfa-aae8-7250d2f86f0d,2023-05-02 04:19:54,4
8e41ba52-4d8e-4549-bfc1-1f922b6dc493,863,lpruitt@example.org,55,1991,2023-06-01 11:15:53,2023-06-01 13:15:53,12,Clarke Group,016b3234-3f78-4d10-9c69-c29dc2c191ed,free,91e09d20-2820-4b1b-b3c1-95dffb90174b,2023-06-01 11:15:53,1
abddf457-7c0a-492a-86bf-025426ef7853,885,younggina@example.org,68,1101,2023-01-08 07:56:12,2023-01-08 15:56:12,46,Evans-Baldwin,bafca90c-bbde-4ab2-b6aa-a0b69a8dabcd,enterprise,f8335493-e91c-40d0-965c-3e257e74467d,2023-01-08 07:56:12,1
5f29e04c-959c-4ba7-8a18-dc6f3b178f89,680,wcabrera@example.org,54,1975,2023-01-17 18:04:50,2023-01-19 09:04:50,16,"Mueller, Williams and Robinson",a44b3832-50ec-4781-a8cf-647c3db9a7ab,enterprise,b724812b-19e0-4a05-9479-f752328ef90f,2023-01-17 18:04:50,3
87a6e2ce-3d56-4ebb-b17d-6e1db3be961e,629,patricia40@example.com,86,1813,2023-06-01 10:19:30,2023-06-04 00:19:30,16,"Cox, Fields and Brennan",d34f63c4-d466-4cc2-811b-5b4d3e7bf2e1,enterprise,e69df16c-9a7a-4163-aa97-8fe8d82866c1,2023-06-01 10:19:30,2
d94e846b-1ba8-43af-9ca5-18721d6b94fd,630,svaughn@example.org,19,1847,2023-06-23 22:39:55,2023-06-24 21:39:55,50,Bishop Group,86c2d8ee-1cef-4732-be7a-d55806b4e921,free,12b72532-2fd3-4625-9912-59cd4a582725,2023-06-23 22:39:55,4
bc920f64-de50-4e1f-a353-1aa763cbb9de,210,dennisdavis@example.org,63,1059,2023-07-28 11:11:39,2023-07-29 04:11:39,17,Little-Little,a6c56605-3b6f-41ad-b924-d57b3888dfbf,enterprise,4c009baf-34d3-4723-8db6-17a6ae29efc7,2023-07-28 11:11:39,2
bec01f52-65b7-4dff-8f80-bc8e42658ce8,573,nicole28@example.org,99,1306,2023-05-25 19:02:48,2023-05-27 10:02:48,35,Young-Dudley,8fc5f82d-3a82-4dbc-bb58-2b70fc418149,enterprise,a887600f-c892-44ff-91e9-f0aea74ff385,2023-05-25 19:02:48,5
c448ca77-ecf4-4e2c-8402-3bf25e81f941,370,william88@example.net,12,1442,2023-01-30 10:43:42,2023-02-01 03:43:42,47,Moreno-Washington,0c30f01d-c603-4cd2-bdff-411eee41c888,self-serve,b26764db-123b-4dfd-84e9-04a0259fe4dd,2023-01-30 10:43:42,5
c5682e4b-b4ad-4e9b-87fd-a2c7d69c5ca1,568,johnochoa@example.net,3,1315,2023-04-16 20:57:36,2023-04-17 16:57:36,11,Chaney Group,d2a33fcf-5627-423b-9705-cee4dd63ce01,self-serve,db14d96e-3f83-4997-9569-8b230047ce62,2023-04-16 20:57:36,4
51e59938-7e06-44d9-8bdf-4f5496006312,643,jeffrey23@example.net,31,1337,2023-04-15 21:03:09,2023-04-16 22:03:09,7,Wise-Moore,2c173444-e464-4f47-9785-08d6b48b18b0,free,da70822d-508c-4c10-b603-27121dc23688,2023-04-15 21:03:09,1
856a67e2-eeb2-4035-a75b-5c9c81a136a9,958,adaniel@example.com,55,1688,2023-07-06 22:38:32,2023-07-08 05:38:32,30,Reynolds PLC,f2740b65-294a-46be-bf97-243aecaa2b61,enterprise,b43e8a6f-1add-44f4-a154-73c57b538766,2023-07-06 22:38:32,3
613b7168-d41f-4642-bf81-5adfebfff123,292,matthewfoster@example.com,82,1627,2023-01-11 10:30:04,2023-01-12 20:30:04,19,Barton-Salazar,32d12872-9151-4a5d-9968-52ed638ba6f5,self-serve,70013cfb-3141-4c00-803a-630d836c0ed1,2023-01-11 10:30:04,4
0452715a-964d-4275-b7eb-83cf392c37fe,663,zreeves@example.com,4,1613,2023-01-22 04:41:00,2023-01-22 12:41:00,13,Hayes Inc,903a05f6-8211-4342-8f95-545c5d395358,self-serve,ed9a6c91-b105-4331-a174-42f4d4c887ca,2023-01-22 04:41:00,5
78062c2a-f2ab-4cd3-ad3e-3ed5b982438d,564,csloan@example.org,3,1294,2023-06-04 01:44:59,2023-06-04 02:44:59,39,Montoya LLC,148f7256-f744-4e0d-af49-7c73d8e661b7,free,cead0e6f-c9eb-4961-a993-923c2ebd6392,2023-06-04 01:44:59,2
2cd7714c-eced-466d-a4fd-29d2813a0827,966,kanetracey@example.net,72,1029,2023-06-12 21:50:13,2023-06-14 08:50:13,34,Skinner-Walters,78bbc074-7b95-4650-80a3-36bf218c7c6b,enterprise,47eab987-046b-4f0f-8eb1-78151c9c24de,2023-06-12 21:50:13,1
812a02ea-e5d7-4874-b0fc-8a7a3d5a8018,741,sarahhuff@example.org,57,1902,2023-02-15 09:23:01,2023-02-17 00:23:01,25,Peters-White,acc786d9-3945-44dd-a4db-8bd1f9828c61,enterprise,051cae20-285e-44d7-bfd0-fe89079210a6,2023-02-15 09:23:01,2
defce005-cdab-4d9d-8d9b-da0d678f7f6a,164,ilee@example.com,48,1875,2023-06-03 04:46:21,2023-06-05 16:46:21,26,Harvey-Elliott,7d10d0bc-0557-42a6-8688-4b49794ba2b1,self-serve,5058484b-0f20-4bd6-ac32-5c8718248fc1,2023-06-03 04:46:21,2
da43d593-01de-4ea1-98a8-04c16d98e82c,829,joycebailey@example.net,9,1118,2023-01-15 17:12:47,2023-01-17 07:12:47,39,Duran Group,ed7900a9-81a7-47a4-9cab-53e8406deb64,enterprise,9f0ae14d-4644-4636-8239-690dce0a25fc,2023-01-15 17:12:47,1
36c57fcb-cc2c-4bee-aefd-7269300523de,431,druiz@example.net,34,1697,2023-05-06 14:48:33,2023-05-07 15:48:33,39,Jensen-Jones,2ed081c6-ef91-46cd-be8b-80deb624e335,free,791c574d-b2f6-46d4-8215-36848e4e0a40,2023-05-06 14:48:33,3
dbbf3d60-f0d5-4ba4-bd3f-bc8a7d976d6c,66,davidgarcia@example.org,63,1089,2023-05-15 03:52:20,2023-05-17 00:52:20,11,Austin LLC,75d3cdd7-ab10-4578-9494-a9f8d31882c8,self-serve,65cc73da-1830-4597-b5fe-26d00e0da452,2023-05-15 03:52:20,4
123e5383-46bd-4508-8485-fcf3a181ea5b,90,ffoster@example.org,72,1673,2023-05-10 16:57:18,2023-05-12 21:57:18,25,Meyer-Aguirre,679336d8-49e1-4963-b46c-15f4b2bf86da,free,a5b329d4-e713-49aa-9955-7c8b4b28dff8,2023-05-10 16:57:18,2
a050c2a9-d15c-475c-8c06-fdbb758acf0b,582,elizabeth36@example.com,32,1847,2023-07-26 03:44:35,2023-07-27 08:44:35,29,Cochran PLC,19a7aaf0-853a-4791-808f-62739fcacef2,self-serve,2a112f49-9d25-4e6c-8ac8-37d0d9e8e9c5,2023-07-26 03:44:35,4
a8f8d83b-372f-488d-ab8e-d5b1a67c5097,88,bfigueroa@example.net,79,1936,2023-08-11 22:04:42,2023-08-12 17:04:42,34,Morrison-Contreras,3274a129-9969-446c-81ab-2c1771b818e5,enterprise,cd1be128-30c0-4ff0-bf12-6c82a83b998e,2023-08-11 22:04:42,1
f7678dc5-cbed-43e2-9b6a-95a11f848187,770,gregoryjones@example.org,87,1920,2023-02-19 09:56:38,2023-02-20 20:56:38,14,Smith LLC,4d753d6e-79e3-470b-928c-f360a9bc2164,free,2baa9662-a7bb-41a7-80ff-b2f6dc7f91a3,2023-02-19 09:56:38,1
a6a9213d-4a31-4f7b-8571-bc04e90fffe7,697,theresaallen@example.net,75,1801,2023-04-17 19:04:23,2023-04-19 22:04:23,31,Griffin-Perez,0820a48a-ea56-495f-b478-08c25c9836b9,free,fbbe0cf1-bace-4135-a56f-8608732899c5,2023-04-17 19:04:23,1
585779ec-6ddf-4b3b-bbb5-28e6aee88cb0,729,shannonsanders@example.org,2,1614,2023-05-13 09:42:49,2023-05-14 12:42:49,40,"Ellis, West and Perez",dafc9327-6ff1-422c-be12-f5ef1bee9ed3,free,d394bec0-3564-4ca1-88c8-6d4e1a92b70d,2023-05-13 09:42:49,2
8d2380a9-1bcd-40db-9021-6f1708e2faae,897,nicole98@example.org,50,1669,2023-06-09 10:06:36,2023-06-11 01:06:36,44,Patterson-Morales,d59f4af3-5535-4a28-a093-6c1ab3cb6d6d,self-serve,729cff3f-f51c-4f99-b509-26d2d57c1832,2023-06-09 10:06:36,2
4abf9fe7-581a-4137-b850-94592e217adb,496,chenderson@example.net,20,1252,2023-03-17 03:39:40,2023-03-18 03:39:40,20,"Alexander, Shepherd and Rowe",d1336951-b0fd-447e-8c53-1494c796bd4d,self-serve,87d8fd2f-0166-4c3b-a94c-083852294e18,2023-03-17 03:39:40,5
fb1ace2e-e562-4fca-b45f-a00f1c1707e4,568,laurenking@example.net,17,1047,2023-03-22 08:23:39,2023-03-23 08:23:39,5,Rogers-Cox,8b3dff81-2e26-4975-9e56-0dd637320f3f,enterprise,64057ced-f9dd-4127-b037-22c0d2207f25,2023-03-22 08:23:39,4
9c9b8227-981f-4943-a533-359bee845db6,421,samuel80@example.com,13,1087,2023-07-31 23:57:46,2023-08-03 15:57:46,15,Simpson-Terry,842bb137-702e-485d-bc99-72f5dc6f23e7,self-serve,ff5643aa-9a78-4849-916f-400dae5e9bfe,2023-07-31 23:57:46,5
238e7b23-1748-4fac-b5f3-6c5f2d2ab86b,936,andrew17@example.org,68,1357,2023-02-26 20:22:11,2023-03-01 03:22:11,36,Powell-Crawford,a3b2b121-3b35-4372-b5f9-703af8a6c6b0,enterprise,320c9b79-eb2f-4541-9335-0ba2d7ecf01b,2023-02-26 20:22:11,4
5ec0d742-5b69-4129-a454-f6f0d6a0fe0d,656,olsonsarah@example.org,75,1673,2023-08-08 18:19:53,2023-08-11 17:19:53,12,Garrett and Sons,ff5216b3-4b71-43aa-8c6c-064ab0390e1e,enterprise,e9587575-8caa-426f-bc42-d6fe6d4b8d84,2023-08-08 18:19:53,3
f69c9b8b-0c6c-4f9d-a82f-d67052447599,244,jamie93@example.net,41,1806,2023-06-11 07:43:11,2023-06-14 00:43:11,27,Jones-Weeks,167b334e-88ca-4889-a3e6-f59420201e35,enterprise,6ecbc8a4-0d5b-40a7-9f6f-bdacd4d92354,2023-06-11 07:43:11,4
77557df8-a1bf-478a-b13d-57021870e45d,74,larsondonna@example.org,69,1234,2023-01-15 18:58:26,2023-01-17 11:58:26,17,"Adkins, Bailey and Foster",15ca79e3-dbcb-498f-9edd-7a2c952f8ce4,enterprise,e6f397a2-a609-48c0-be4a-e60e6ca208f9,2023-01-15 18:58:26,5
89fc9b7f-ee5b-4f38-b430-7c2b6fa2b1a3,477,tuckerthomas@example.net,57,1300,2023-03-05 13:04:35,2023-03-07 19:04:35,23,Jordan Group,48e24bb0-c662-4947-adfb-959e536e7195,self-serve,3778db58-1adf-4648-a616-318bdc807251,2023-03-05 13:04:35,5
d1a7f705-595e-436e-9771-5e8017d13c42,317,cperez@example.net,74,1292,2023-02-24 20:32:24,2023-02-27 04:32:24,45,Daniel and Sons,b9d01b4a-4e9d-4537-b9ef-240a9a392ed6,enterprise,6cce9dc7-8fe9-465d-b002-71326f40d439,2023-02-24 20:32:24,3
39eb07bd-83f6-4cbc-9033-0c3f7c0a62e9,711,rmoore@example.net,2,1776,2023-07-14 17:49:19,2023-07-15 05:49:19,5,Nixon LLC,a8f817c0-77e7-478b-b052-678379256a1f,self-serve,48520b6b-2aa1-4bc8-bf57-6fa173c0e9e0,2023-07-14 17:49:19,3
bdaf0ccf-13d6-488e-9780-1c39f59fb575,652,katrina29@example.com,23,1314,2023-02-15 13:06:35,2023-02-17 18:06:35,47,Wong PLC,dad7970e-3291-4eb3-b9af-ddf8ccccce22,free,4ea7489a-e93d-4732-91cd-c3a021211e7b,2023-02-15 13:06:35,4
41bd5b91-12c5-414c-a746-c6c3feedfbe9,112,ddean@example.com,67,1681,2023-03-12 18:17:32,2023-03-13 08:17:32,20,Gutierrez Ltd,a0913095-1bbf-450f-b8aa-bd3802c55b68,enterprise,cd954b5e-db5a-4e5d-980c-e29e87e5aac9,2023-03-12 18:17:32,2
1c983b63-b75f-49c5-8e38-36a1179e16fe,804,lindsay84@example.org,3,1826,2023-07-07 00:25:49,2023-07-07 03:25:49,5,"Stevens, Huffman and Brewer",8f1aff07-ff72-4029-8a3a-9d4e0f31fdd4,free,4ccf316b-ae10-4872-a2e5-be3adcfce0ad,2023-07-07 00:25:49,2
15c213d1-648c-4c62-8617-1539546ad943,159,eduardo27@example.net,95,1834,2023-04-11 05:52:05,2023-04-11 07:52:05,46,Johnson and Sons,a4dccd0c-02d2-4d0c-9cb8-23be33f14218,free,ce143e26-f616-4fe0-bd7a-c6c94526313d,2023-04-11 05:52:05,3
30242219-9b58-491c-aafd-4fbc23ad188a,206,jonathan42@example.com,70,1293,2023-05-18 01:52:07,2023-05-18 10:52:07,14,Burch and Sons,12813e26-1855-41b5-871f-d98357d2341b,free,90570fdb-56f5-4815-bfff-ef73568001b6,2023-05-18 01:52:07,2
4a5a202f-17c0-41a8-bcfc-f4006826b2f0,378,ballardjack@example.org,1,1814,2023-02-20 19:19:37,2023-02-23 19:19:37,35,Gomez-Smith,dd613534-8549-49b4-ad75-a036ec6739c3,enterprise,6444a03e-a105-4cf2-8f78-d367d3a8aa46,2023-02-20 19:19:37,1
14425441-01b8-468d-8c99-63a7724f6f01,772,kennedykaren@example.net,16,1239,2023-08-08 00:34:09,2023-08-08 12:34:09,1,Johnson LLC,21e8824a-fb77-479e-a96f-9ea261ec18d2,self-serve,0ccd4d65-0f74-49f7-b355-0ccb0aca537c,2023-08-08 00:34:09,1
cf854b3f-2931-4b25-b216-f2568865e031,86,umays@example.com,35,1322,2023-06-15 20:34:29,2023-06-17 14:34:29,39,Williams Inc,466b4a4c-bcff-43ed-9c32-a6ade3e7eb6a,self-serve,32e9d47c-1889-40d7-af9c-97fc84762ab7,2023-06-15 20:34:29,5
46e1f1d4-a3bd-4e64-aea9-d9fe2df09235,722,jacksonpamela@example.net,97,1816,2023-04-29 13:25:45,2023-05-02 08:25:45,40,Anthony Ltd,dbdc5b36-1cb6-4491-a31c-94b348dc9fd4,enterprise,829ebaf6-7c82-4537-8bab-bf87b877c521,2023-04-29 13:25:45,5
cfc23ea4-1c0c-4145-bba9-edd48c7c3c98,898,linda57@example.net,18,1154,2023-05-21 15:33:09,2023-05-23 12:33:09,11,Davis-Smith,9dc9fd4c-2a50-47b1-b68e-89b3c2d63173,self-serve,d558b6ca-46f9-4b36-a596-9f5585c17519,2023-05-21 15:33:09,3
0168f436-e1c9-452e-adb1-6a4ca7373715,296,ssanders@example.org,41,1356,2023-07-13 14:09:58,2023-07-16 01:09:58,30,"Vasquez, Boyle and Williams",b6b3512e-9a9a-439b-b702-f461df7fbf5d,self-serve,f7250095-8578-467f-960d-7ee592354fe0,2023-07-13 14:09:58,5
b169c452-c265-4a27-990f-327691758eda,618,burnettamy@example.org,73,1054,2023-06-18 09:44:00,2023-06-19 17:44:00,5,Jackson-Garza,14476c20-d9f8-4fb3-9ea8-d5aa5423c716,self-serve,a4f8ec57-b957-4c10-9711-4def2866e986,2023-06-18 09:44:00,2
0268e481-832e-448a-b47d-bf2ea6a2c943,525,morandaniel@example.org,69,1770,2023-07-18 09:24:41,2023-07-19 16:24:41,36,Williams Inc,1e8c9d71-3b00-42ee-a4ae-ed86f9dcd896,free,c7f9682e-fb02-40f0-b5a3-1fc37b05c15e,2023-07-18 09:24:41,1
3091113a-4e1a-48a8-b567-48bddb3686e5,131,thomasmonica@example.com,10,1225,2023-05-07 21:19:51,2023-05-08 14:19:51,30,"Alexander, Brown and Scott",f2c38357-f595-4508-847a-c2b98468b5e0,self-serve,7d98fb01-5481-4a91-a4e8-fc239a330d46,2023-05-07 21:19:51,3
42a4bdbd-a7c2-43a7-875e-51513076512b,40,martinlisa@example.com,86,1513,2023-05-17 20:21:25,2023-05-20 15:21:25,4,"Rogers, Gonzalez and Williams",6bfe57ff-1e94-433c-a922-f5eb2f47f431,enterprise,a5c1fe78-e058-4958-9241-ec3016a66de3,2023-05-17 20:21:25,2
1e78b9aa-b5e0-41cb-bcc7-663f514cdd73,499,cmartinez@example.net,86,1959,2023-02-28 04:32:44,2023-03-01 19:32:44,34,"Schroeder, Lambert and Glenn",a7261e71-c0cc-4375-b5b5-c2d9b35f177b,enterprise,808c78db-bad6-4fb9-856e-125260624960,2023-02-28 04:32:44,4
457d75c8-b157-45e5-b959-a52c12fe9c4c,407,tammy98@example.org,95,1049,2023-02-11 08:12:10,2023-02-11 12:12:10,28,Torres LLC,62f49201-109b-4618-a19d-988bae66975e,self-serve,aacc6f20-a31b-466b-b398-e01fda2760c6,2023-02-11 08:12:10,2
c88c0c79-6123-4ee3-b4e5-5054392cc6f2,452,rphillips@example.net,59,1329,2023-04-12 14:57:50,2023-04-12 17:57:50,45,"Jones, Jones and Palmer",8334281c-1e38-4c62-a5f7-ec8b9bfac7d2,self-serve,da03a424-2db4-4c16-a2a1-a9e9b1e35e28,2023-04-12 14:57:50,5
7fbb7d83-e54c-463d-8f6f-46b96c75627f,112,adalton@example.net,28,1274,2023-03-28 23:53:59,2023-03-31 05:53:59,32,Cunningham Ltd,f45c7006-6374-4f54-929a-2c8c730c0f52,free,b51205a0-de7c-4492-aec7-0d78165779d0,2023-03-28 23:53:59,5
7d10b91a-0e41-4a1d-b40e-e6eb3b9caabc,846,roger35@example.com,58,1466,2023-07-24 03:51:59,2023-07-26 08:51:59,9,Davis-Murphy,0dd28b02-a1ef-42f1-8359-d5cf04b9a0b3,free,cd0b46c7-b639-4ab6-b094-1285a49c5b1a,2023-07-24 03:51:59,3
355d515e-f15a-49de-a333-0d9034c451e0,939,alishaclark@example.net,40,1078,2023-04-29 22:08:52,2023-05-02 01:08:52,37,Snow-Montgomery,83c6f8ca-900a-4ba4-b13f-f5dad1ba4778,free,70447199-2b98-42dd-980e-df2d8f20b653,2023-04-29 22:08:52,5
3655ef4e-84d5-4351-a32c-69250e64deac,924,amartinez@example.com,97,1812,2023-07-28 19:08:14,2023-07-30 11:08:14,40,"Anderson, Parker and Thomas",f407eec0-20e8-4136-b930-9445eedbd233,free,ed198d65-6375-49a0-85f1-f189e2451d87,2023-07-28 19:08:14,4
32b95be9-386d-42fa-a3dd-47443b320561,430,brendasuarez@example.org,7,1832,2023-08-11 23:41:43,2023-08-12 18:41:43,44,Davis Ltd,76a7e063-a40b-4cf9-a66e-2854908b16e1,self-serve,104ce7df-69f6-48ab-a61e-0a1b256f6860,2023-08-11 23:41:43,3
42a30182-9d6b-46a3-a05d-96d96f327f68,162,joycefuller@example.net,33,1998,2023-01-05 00:04:31,2023-01-06 06:04:31,14,Jones Group,19fe7cd0-357e-4bf4-a57d-ecc1c6fa40d8,enterprise,f1c52b80-f33d-4a31-9c9e-a12f30a20187,2023-01-05 00:04:31,1
03dbb2d7-d9a4-4690-b2f6-592710c0bc21,215,wpatton@example.org,28,1706,2023-05-03 21:37:32,2023-05-05 14:37:32,44,Nguyen-Wells,13c43085-32eb-4c33-bc9b-54e0b2098b38,enterprise,4c9a3eaa-cd5b-465c-9286-62092397a793,2023-05-03 21:37:32,3
72cab400-60af-4337-94ec-f070546531c4,600,cynthiawood@example.org,59,1696,2023-06-24 12:50:33,2023-06-24 20:50:33,11,Taylor-Foley,68ecca59-a709-4797-b6d6-0f0e3e093df1,self-serve,c2496159-cd4c-48fd-b373-96a0519e9320,2023-06-24 12:50:33,1
a77def81-e970-4efe-aa7b-797e66f7e9a1,905,ibridges@example.net,16,1856,2023-04-14 00:19:31,2023-04-14 15:19:31,49,Hurley-Evans,19161537-92e1-4366-8ffc-379b80935e93,free,6b84b316-309d-4afe-97a5-bd12dc39f71a,2023-04-14 00:19:31,5
8ddba854-a384-4f7b-a3ba-bd1512ad0b75,416,eking@example.org,31,1457,2023-02-11 03:26:59,2023-02-12 12:26:59,1,Nguyen-Nichols,13fd5035-b049-4209-b32b-3be1233984ea,free,43b9251e-dca3-4d5e-9a49-a46ac6d3a745,2023-02-11 03:26:59,2
0a3e4106-a572-4b9a-9518-042821f1ac07,707,cindy61@example.org,60,1422,2023-07-09 21:15:36,2023-07-12 13:15:36,43,Dixon LLC,facc76dc-2220-4114-b715-1ca05f60c1e2,free,7d09626b-d783-4b9f-9988-e2921b5f95be,2023-07-09 21:15:36,3
c9b90852-a8da-4d34-8964-4fc4f73cb571,898,joshuasalazar@example.net,9,1601,2023-02-03 03:08:28,2023-02-05 11:08:28,31,"Black, Ward and Wade",0a228f90-f9b3-4a00-96a5-e68406bf4f84,enterprise,5bc52816-3135-40d1-94b5-0262f1dcc273,2023-02-03 03:08:28,5
e9d9896d-23ce-43ed-acd3-0c2b77de93c6,484,dannydurham@example.com,7,1379,2023-03-22 16:47:34,2023-03-24 07:47:34,17,Ortega LLC,8e2abfd5-ae67-4665-b138-f9fda9fabf85,free,b83f4da9-4817-4cb8-af6f-645c7da9636d,2023-03-22 16:47:34,3
2beb1578-a420-4661-9161-8ea6bd99f9d3,186,christopher60@example.net,68,1640,2023-07-01 00:27:38,2023-07-01 21:27:38,17,Logan Ltd,0ffcfbcb-e584-4637-abd2-a4084a7093f4,enterprise,ea327ce3-5092-49e1-b242-fc5f0c113830,2023-07-01 00:27:38,4
0596a990-6af2-4a1d-8fcb-88be77e7820f,76,jperry@example.com,79,1426,2023-08-05 06:09:18,2023-08-06 17:09:18,11,"Simpson, Moreno and Williams",9f0e95b9-a710-4cab-9706-8dd2d6be7b0a,enterprise,411f642d-a951-4eeb-ae95-d1ed83bb69cf,2023-08-05 06:09:18,4
fbefa35f-45ec-4cd4-8016-cd1a60954c3b,642,teresashaw@example.net,56,1207,2023-08-05 22:56:13,2023-08-07 18:56:13,16,Adams-Williams,b9f79c47-69a2-40d1-a0a2-d385384f6ff3,free,17f72463-1939-448c-a992-602d535b4b53,2023-08-05 22:56:13,4
4226e20b-1651-482b-ad33-50fc2b4137ad,389,matthewbentley@example.com,6,1170,2023-05-27 10:15:10,2023-05-28 09:15:10,40,Baker-Bowman,83a378b6-d321-47c1-92ec-49501da3105d,free,2a1b18a1-e0a7-4a6b-ac31-e40b67e8bd45,2023-05-27 10:15:10,4
c762f790-e76b-4488-98ec-9c917e4b38c5,331,walter70@example.org,98,1386,2023-03-03 05:27:33,2023-03-04 16:27:33,2,Holt-Nelson,df4456a2-640f-47b0-932b-f34f49cfdc4b,self-serve,c75f8be7-fcad-45f7-94b4-5f17f22545c6,2023-03-03 05:27:33,2
aea37df2-26bf-412d-9beb-7b20d81ef67b,259,serranostacey@example.net,32,1604,2023-07-24 07:58:09,2023-07-24 11:58:09,35,Beck-Mills,847bc4c5-fa46-48f4-8f65-78d34df7b623,enterprise,9c98762b-69aa-45b1-ad89-ea32117fd035,2023-07-24 07:58:09,2
8fe86ef2-aeea-4431-a2ca-9c0535f0639d,427,vhowell@example.com,83,1561,2023-03-18 04:46:34,2023-03-20 12:46:34,36,Glenn Inc,517ff07f-fb9a-46dd-9b19-90766b360d27,enterprise,0b439200-1858-43ba-9d1e-ecc13d3735df,2023-03-18 04:46:34,5
ccea777c-75e7-457d-9dcd-feb5e4727e64,649,angelaherman@example.net,78,1442,2023-06-01 20:59:00,2023-06-02 21:59:00,37,Bell-Garner,6938e707-50ca-4a31-b348-826879166a35,self-serve,07ff4195-6cf5-40e9-8223-b5ffb13c339b,2023-06-01 20:59:00,5
e063e607-3c71-48a9-924f-55fef14580f0,638,grivera@example.net,22,1718,2023-03-01 13:23:26,2023-03-04 07:23:26,50,Bennett Ltd,42487f77-7bc9-4231-9f21-dfe3c7998bc0,self-serve,4c11f8f3-8d73-4230-961e-b49398c629cb,2023-03-01 13:23:26,3
1a83c3d3-4d9a-4f11-a774-19f0d6e6650e,904,urussell@example.com,46,1643,2023-08-05 07:32:26,2023-08-06 04:32:26,44,Willis Inc,952e9a6d-c247-4604-b4fa-5372b9bb0f76,free,414d5816-47e6-445c-86f2-6efc661968ac,2023-08-05 07:32:26,1
00d481fc-cae0-4d6b-9a6b-ecf0e344ddf3,12,igreen@example.net,95,1173,2023-06-06 21:54:04,2023-06-06 22:54:04,36,"Hernandez, Moore and Gordon",34a62789-e049-438a-a8f9-1e47f7ed54dd,self-serve,061df77d-c2f0-4973-814c-522c5fdfef53,2023-06-06 21:54:04,4
6f32d5a9-b1cb-4fab-ad24-7529aaf8c526,785,jacobholt@example.com,68,1283,2023-05-20 11:49:17,2023-05-21 08:49:17,21,Finley-Anderson,ac2d98b0-8f8c-4511-9b87-a4088e77edd3,self-serve,91d9dd9d-e62c-4292-a87e-068ea8b1c260,2023-05-20 11:49:17,3
bd0c299d-883b-482c-91bd-29ead663b966,240,hatfieldjulie@example.net,12,1667,2023-07-29 09:25:10,2023-07-29 21:25:10,30,Roberts-Johnson,d000a4cf-7cef-4a6f-8f64-1fb16aaa5d81,free,51f0c8da-1b59-4814-bb5f-e8c3528af06d,2023-07-29 09:25:10,2
fa1d8eda-0ad1-4982-abaa-12afbf4c543b,514,keithwebb@example.org,33,1178,2023-07-05 02:42:08,2023-07-05 12:42:08,25,Jones PLC,08fb8782-0c66-4b96-944f-802c5c8bf64d,free,c94956fd-6de6-4fba-953b-8b5c34fa3ab3,2023-07-05 02:42:08,2
65ebfbfa-a0bf-4104-b56f-86afc86e72bf,898,ewilliamson@example.org,81,1530,2023-02-28 08:27:35,2023-02-28 12:27:35,42,Singleton Group,4ff251c9-1d29-4617-8fd8-f684d64025a6,self-serve,600f8d0c-1c36-486c-95f6-36a9bfefb0e4,2023-02-28 08:27:35,5
5e4a2c87-9b36-4441-ba62-c19af92d5c91,998,dduffy@example.com,8,1137,2023-01-28 22:35:07,2023-01-31 18:35:07,46,Hale LLC,96f90996-e9a5-4c66-aa9d-c3b733e24e02,enterprise,4e31ee36-386e-4537-ae9a-172307f57a42,2023-01-28 22:35:07,5
49540823-be7e-45fe-9a09-6b26cd79d6b3,6,stephaniedean@example.net,26,1980,2023-05-20 23:56:08,2023-05-22 00:56:08,10,Lawrence Group,1fe9b35c-4cfd-4f4b-9ab5-6c4341dd6d73,free,0a71e85f-a1dd-4085-9193-f6b2171dd8af,2023-05-20 23:56:08,2
69dba271-64e4-4a51-8830-7ab2e0f08a79,546,rodriguezdaniel@example.net,60,1022,2023-01-20 21:30:16,2023-01-22 00:30:16,27,"Peterson, Grimes and Flores",8aaaaa7e-d5fc-49cb-a366-ee3ee5e5e43e,free,ac00d7ac-c118-42c4-9c9c-2145adb56953,2023-01-20 21:30:16,2
c5167c9e-b404-44a4-9b80-3a4e901f21b5,871,fieldsjennifer@example.net,81,1791,2023-02-06 14:17:25,2023-02-07 04:17:25,5,Jacobs-Rich,6ea42bfa-887b-4ca8-b394-f11ecc3a705b,self-serve,8b7796fc-f622-4fce-9f89-c0f34215f7e0,2023-02-06 14:17:25,1
e80300e8-1490-4870-9ef3-1c62ddd0834f,837,aharper@example.net,30,1852,2023-04-24 16:28:26,2023-04-26 18:28:26,34,Fields Ltd,c809bb01-4a62-40d5-bb01-7e59c5497b6a,enterprise,6bee2fb7-cced-456d-8aa5-56e6ffe5e802,2023-04-24 16:28:26,2
5048c328-f192-4282-b2e7-0ae35c1db2be,830,austincannon@example.com,81,1464,2023-08-11 01:59:00,2023-08-12 07:59:00,13,Warren-Miller,807bb17d-93b2-4449-98d3-b6a84730388d,self-serve,d6832177-7868-4313-a005-e24e271dcab2,2023-08-11 01:59:00,1
68bec36d-54ae-49c9-9dcd-f807537ebf67,25,bowens@example.com,89,1702,2023-03-15 22:17:58,2023-03-17 14:17:58,11,Sandoval Group,a1553e8f-e00d-4c6e-895f-887dd169d7d4,self-serve,9d55b80b-332d-4c52-8a06-951c2869e389,2023-03-15 22:17:58,4
1f4deeb6-b0ed-462b-ac6c-2cc5ed26489c,716,moralesmatthew@example.net,60,1993,2023-07-23 07:30:00,2023-07-23 20:30:00,47,"Thomas, Watson and Caldwell",581000c7-4b56-4780-8a87-19850d25cfe5,self-serve,c7ddbf6b-3623-484b-87c5-0a9a4eb00fac,2023-07-23 07:30:00,3
d1ca0d4e-4de4-4e44-a154-9c8913b8b881,865,john27@example.net,100,1273,2023-02-12 14:16:24,2023-02-13 09:16:24,23,"White, Barr and Tapia",12473ce0-2a78-4d9e-8a88-45724530670b,self-serve,967d64d7-17d9-4e24-9b31-00eeaa18152d,2023-02-12 14:16:24,2
9f574b83-b3e1-4868-9c4d-3a06f2a5c350,445,qpatterson@example.org,98,1089,2023-01-22 21:58:55,2023-01-23 17:58:55,48,Cannon and Sons,72172efa-b88e-4b6e-8740-8e891e52a7b5,free,efb8c5bd-13a1-4849-9b04-df1291f37a63,2023-01-22 21:58:55,1
bf2545fa-47df-48fd-a74e-278c72586da9,853,ralphjames@example.org,81,1944,2023-03-18 10:41:28,2023-03-19 11:41:28,17,Bell-Richardson,3e3ec454-829f-4670-ad32-e6ada662f66f,free,55b1dc2b-dd47-4d0e-aa17-7174c6162501,2023-03-18 10:41:28,1
5099f367-fdf6-4b25-9278-d8302ff19d76,873,whiteheadraymond@example.net,7,1275,2023-06-20 14:30:03,2023-06-22 23:30:03,44,Velazquez-Roth,9a567e25-bc27-44fc-b5d6-030899448b40,free,740a0634-11c4-4a96-b820-0d9b2fb0516c,2023-06-20 14:30:03,1
27f668f7-f22c-446c-8b23-1a409c53ebe2,109,victoria20@example.com,19,1185,2023-01-28 20:33:01,2023-01-31 02:33:01,4,Boone-Hooper,edb7fd92-5b71-498b-87ad-6ffc766d4ba6,enterprise,ecc8f818-c33f-4482-85a8-f1112d8285d0,2023-01-28 20:33:01,5
09e5a3ce-0984-4bc3-b856-236f1844e699,431,tannergabriel@example.org,74,1420,2023-08-06 20:22:06,2023-08-07 13:22:06,18,Austin LLC,abfc075d-f567-4ba8-96e8-9f0c2fb4d667,self-serve,a67e0a05-7d18-4f40-87d0-622f0dadf3d2,2023-08-06 20:22:06,4
d12910d8-78f4-42d7-9e6f-5c7d04b388b8,909,epotter@example.org,70,1061,2023-05-03 20:07:52,2023-05-05 09:07:52,16,Baker PLC,6ba06b39-4b37-4253-b075-bf0e3b196586,enterprise,f283bb41-8794-4fe6-85ce-f92094c725a1,2023-05-03 20:07:52,5
6c0c2222-9577-4e6d-9230-e20f1e106779,346,mayermeredith@example.com,29,1838,2023-05-06 10:44:49,2023-05-08 05:44:49,24,Fletcher-Garcia,e184d601-4aab-4a6a-85c0-efe7467a7635,enterprise,548ff117-f987-479b-b391-78bf1914a9da,2023-05-06 10:44:49,5
ace27623-dc41-4fe1-a6b1-cace76182607,29,virginia48@example.com,85,1736,2023-06-22 06:53:18,2023-06-23 21:53:18,24,Sanders-Bryant,c5c28b01-2b82-4011-96ab-e6f55b7c070b,self-serve,f5339da9-52d7-4b50-8bcd-86e934ceceb5,2023-06-22 06:53:18,1
3cfa151d-209b-4090-84bc-11e6f3c0242f,964,todd01@example.com,82,1341,2023-04-04 04:22:58,2023-04-05 14:22:58,49,"Savage, Snyder and Brown",02ca719c-e23c-459d-97f0-b2105b816443,enterprise,317afebc-9cb5-45fc-aaa6-d30dc95c0ee6,2023-04-04 04:22:58,5
41f3f603-06fe-47e4-aab4-bb406f299fd4,363,vhooper@example.org,15,1443,2023-02-22 22:53:01,2023-02-24 13:53:01,39,Baker Ltd,78d0538c-4d42-4ab1-ac14-c3d89fbf779c,self-serve,67438993-c8c9-4e05-97a1-ababf0592faf,2023-02-22 22:53:01,2
e3a2d68e-386d-4231-88ac-72e1b608edf2,60,jasongrimes@example.org,55,1135,2023-01-09 19:03:39,2023-01-11 06:03:39,47,Durham-Kidd,2a05d033-ec65-4f52-8051-e6e9e4e16d9a,free,33c848e7-4329-42bb-b6c0-5b310ce71fc1,2023-01-09 19:03:39,3
98c56064-f2c8-4550-8d4e-3aa6f1c8e922,840,smithscott@example.com,95,1090,2023-03-14 04:50:02,2023-03-14 17:50:02,41,"Graves, Foster and Lane",87701123-d658-4ad3-ac09-2947db512eb0,free,059275f7-ee7a-4c56-9ae1-41d56ab420a7,2023-03-14 04:50:02,4
63f61c3d-0436-4def-bb12-8fa5902d3c7a,349,ymiller@example.org,95,1050,2023-02-28 14:49:09,2023-03-01 12:49:09,23,Davis LLC,a5842a8f-3e9a-4e5c-80c4-4cd65754f846,self-serve,b701900a-134e-4276-9a53-538e2dca0cf0,2023-02-28 14:49:09,2
45f17253-bb9a-4ee6-8173-26ad00b3173b,159,jbarrett@example.net,81,1336,2023-08-08 06:32:10,2023-08-09 04:32:10,37,Vasquez-Cooper,1f120a7c-3336-4ebd-8a0d-9e5a7a89dc83,free,e5469d0c-9fea-4a5c-8480-0273df23a240,2023-08-08 06:32:10,2
6d5d8b4c-cbe6-4946-a990-ef3c41925c2e,312,calebjohnson@example.net,73,1097,2023-05-27 16:08:04,2023-05-29 23:08:04,22,Martinez-Wise,a07b96e5-bed5-451a-b0de-d2282ea48453,enterprise,b8347381-fb5d-40f1-a85c-392a1ce8d7ca,2023-05-27 16:08:04,5
48bae64e-ec1f-40d6-b528-e14872bdfe82,480,kevindavis@example.com,100,1451,2023-04-23 12:42:38,2023-04-24 11:42:38,20,"Mcclure, Sweeney and Chen",d9ba4e52-e7c8-49ae-917a-f752625b778c,self-serve,41eb1115-77d4-43c3-bc92-af3333998026,2023-04-23 12:42:38,3
fc676bd5-9870-4cfe-ba13-21f17036ffa2,168,christopherreynolds@example.org,10,1716,2023-04-28 00:22:23,2023-04-29 05:22:23,21,"Choi, Sellers and Johnson",c5cd6b2c-c656-4970-81f7-194f0e2123c2,self-serve,59d4f4ba-c5ae-45c1-8f80-2bc2ad139d59,2023-04-28 00:22:23,4
8c00795a-40c2-4b02-a242-33e21986c4b9,739,ajackson@example.net,48,1275,2023-03-24 00:20:11,2023-03-24 16:20:11,14,Alvarez-Erickson,8bce1adc-5fe9-4167-98c3-e21e859be1e9,enterprise,6d8f93a1-c877-4c91-86e1-6fbafde886cf,2023-03-24 00:20:11,5
816d80ee-1e81-41da-9dc1-11f6c32278c7,890,lholmes@example.org,75,1133,2023-05-17 05:34:58,2023-05-18 23:34:58,43,Cunningham-Pierce,7c28b954-9665-43ab-a434-e16f46a69ec8,free,c60855d3-4b73-4a7a-8d11-5e0e806ba6bc,2023-05-17 05:34:58,1
a0fedba1-d7c1-4d11-8761-810e58bad042,785,fordjade@example.com,29,1486,2023-01-02 01:19:58,2023-01-03 15:19:58,24,White LLC,6cfa01a2-6883-4c14-b9fd-fb3ebd93283b,enterprise,d5150dad-110a-47be-8954-8cc64c0508c4,2023-01-02 01:19:58,5
d5e77e97-bec2-4678-9d51-65ee5031ab07,7,hfisher@example.net,69,1886,2023-06-25 10:46:42,2023-06-28 02:46:42,6,Ruiz PLC,6f7f78d4-3146-421a-a1ab-c7e969105a7d,self-serve,995683d1-8aab-4dee-b710-1e2dfbfc6e79,2023-06-25 10:46:42,2
ad6e3f3b-e3ce-4970-8896-0ca523f99af5,602,benjamin70@example.net,90,1676,2023-05-16 10:02:44,2023-05-17 05:02:44,21,"Mendoza, Wilson and Velez",903927a8-2cce-4bff-9a4f-4da4ae477d5f,free,06d91ff1-11c0-4fd4-93e8-438558942515,2023-05-16 10:02:44,4
1dd5a5cb-df4d-445d-88a3-4337ae534cb3,11,keith93@example.com,66,1608,2023-01-11 07:36:23,2023-01-13 15:36:23,5,Hill-Johnson,5d34e0fe-7f05-427e-b9a4-fac9e8c4aaea,free,60cf1ecb-ee6a-4110-9ad1-c26486a8b1d6,2023-01-11 07:36:23,1
d6140a56-2d0e-4184-b202-531c0c43e6c9,646,kmoore@example.net,77,1605,2023-06-20 17:23:44,2023-06-23 02:23:44,45,Miles PLC,92d8e7e6-2710-4a18-a655-59140b3dffe1,self-serve,85108936-2c12-4801-8e52-b30df1753cea,2023-06-20 17:23:44,2
ac54c869-c21a-4a48-83a1-384b0f8132c6,631,sue70@example.org,5,1852,2023-07-24 04:19:47,2023-07-25 23:19:47,48,Martinez-Moore,69e3dbcf-30a9-4136-92f6-ddadb4d35f9b,enterprise,bfe82d2d-6198-4774-a102-3487a1fce51a,2023-07-24 04:19:47,1
4ecb38d1-d32c-4d49-bfbe-3c1476df0a82,230,williamwilson@example.com,79,1698,2023-02-22 22:56:39,2023-02-24 22:56:39,7,Stuart LLC,0464c76f-a632-4248-a203-1c7b5e457ea7,self-serve,fa8bb21c-ee48-4bf0-bb9f-8ace3ff46f6d,2023-02-22 22:56:39,1
23797c85-b99a-4fbd-82ca-18d11fb42077,562,madeline44@example.com,15,1143,2023-02-28 16:18:48,2023-02-28 18:18:48,35,Kennedy-Rowland,8f3c4ec4-d052-44b2-bbe3-940fe83bab38,free,f585701a-a9f2-495e-8d46-ec8bce6b64f5,2023-02-28 16:18:48,5
77676098-3d8f-4449-aebc-6f17ea57a782,486,michael34@example.org,55,1054,2023-04-08 23:46:50,2023-04-10 18:46:50,24,Gomez Ltd,5c3bc0c8-819e-419a-90fe-5be50305dba7,enterprise,93cb19ff-2886-4a77-a22b-85d6e333bf7b,2023-04-08 23:46:50,1
17f2ab25-c03d-45d9-953f-9343a9940265,767,martinstewart@example.net,4,1628,2023-05-27 05:20:38,2023-05-29 09:20:38,23,"Green, Kerr and Ingram",7c3ed3de-37ae-4e98-9a17-d9dc8f7c5458,self-serve,559220cb-3dd4-47ec-b891-6d61504c05fe,2023-05-27 05:20:38,1
c446e493-69e2-4264-b98c-27e647f0a988,27,nicholas35@example.com,17,1752,2023-04-17 04:35:09,2023-04-17 20:35:09,8,Ellis-Zhang,dd979728-8cfb-42c4-8857-789feae00fc1,free,ef02c53a-c681-419f-b7ec-83e84738f254,2023-04-17 04:35:09,1
a91397c3-2e61-4735-8c9b-c5822643bdf3,360,tyronemullen@example.com,95,1772,2023-05-15 16:10:11,2023-05-16 19:10:11,12,Martin Inc,9e5a99ed-57bb-4300-882b-78b3683cdf28,enterprise,05617bdc-2c95-40ec-b410-4d6bdffdd4e3,2023-05-15 16:10:11,5
7e09ec75-e854-4911-babc-443a0aae1003,41,fletcheraaron@example.net,27,1232,2023-07-11 00:00:14,2023-07-13 03:00:14,19,Wood-Mcdaniel,615da742-4ba9-4fa3-ae7e-1f71bed14ec3,self-serve,5185d832-f72e-4c32-a7ea-1dab15f2f378,2023-07-11 00:00:14,5
a4fb3ac5-cc5d-4e53-b8fb-7e1cb30d4e6c,363,lflores@example.com,20,1209,2023-07-14 02:55:47,2023-07-16 21:55:47,38,"Weaver, Miller and Dunn",80956b53-a172-4bb6-833d-4dad4b192bf3,free,4c7f1abb-9fea-4004-8ec5-27dd74b956ca,2023-07-14 02:55:47,4
3fa6fe2d-cf36-4502-9d30-e33ab991a623,15,robertavila@example.net,1,1016,2023-05-09 10:34:09,2023-05-11 22:34:09,33,"Boone, Taylor and Hudson",23c1670c-df36-4c6f-9a98-b274830da15f,enterprise,57acbbb4-1fc6-4400-a5b5-0bf9184085f8,2023-05-09 10:34:09,4
54c1ee59-89fc-4dbc-8f95-b2cd097923fe,785,jacqueline59@example.com,91,1748,2023-02-20 00:11:29,2023-02-21 03:11:29,41,"Turner, Castaneda and Gray",64f4221d-ef4c-4d8c-b94c-eadb665e5601,self-serve,fa1a39f1-e89d-48da-b1ae-a6eb32603066,2023-02-20 00:11:29,1
a2d39e03-99a6-499b-a01b-06ac7debedd5,514,jamiewebb@example.com,29,1520,2023-07-28 03:27:12,2023-07-29 22:27:12,40,Mcgee Ltd,d7780236-37ea-4ba8-b559-8cda94caee96,free,90865ee2-07e9-4a75-bc65-23a1bba89281,2023-07-28 03:27:12,2
eb7563d6-4c26-4680-bd84-e120af13e58e,116,dmarsh@example.net,32,1232,2023-04-21 16:25:39,2023-04-24 11:25:39,40,"Smith, Black and Oconnor",d984abca-0a61-497a-8f35-05cf6641ad1e,self-serve,8cd88169-d99b-450f-abcc-586f8274a8d1,2023-04-21 16:25:39,3
1a515ad6-8b9c-46f3-9971-22e7bfcf2f7e,872,fbrown@example.net,82,1818,2023-05-10 17:32:54,2023-05-11 01:32:54,4,Ho LLC,2ad6f353-0756-4c2d-a1c3-88556c692115,free,e24ad52d-4339-4b41-809e-f01393e7366c,2023-05-10 17:32:54,2
c7ab0186-1c7d-4874-a9ed-f2c60cb3c8a9,648,weaverdrew@example.org,79,1387,2023-01-11 10:05:41,2023-01-13 17:05:41,44,Anderson LLC,19f74589-e018-4953-9390-4d709f673ab1,free,9a076bbb-bb16-4e91-9535-acf7ee2c7756,2023-01-11 10:05:41,4
04d567fb-1676-44e1-9bdb-acb353442c18,61,christophersolomon@example.org,35,1535,2023-05-11 01:39:40,2023-05-13 10:39:40,40,"Washington, Collins and Morris",80f3c5c6-b392-4503-9b42-664adba05a4b,free,b365d4bc-363e-442f-8971-95bbdd5f2b1b,2023-05-11 01:39:40,5
6eef730d-f3b1-4196-ba98-9f6db8914055,413,powens@example.net,83,1184,2023-04-06 23:12:58,2023-04-07 21:12:58,27,Stewart Group,6d213a72-03ec-4ea5-9625-b8016dd1517e,enterprise,6d1569d9-3e6a-45bd-a4e5-90f7011caef8,2023-04-06 23:12:58,3
3a518e39-4a6c-468a-bcb0-b2733af31d31,844,williamsantonio@example.org,82,1967,2023-07-05 11:27:09,2023-07-07 07:27:09,31,Ponce Ltd,7e73f2e1-ac06-425d-90d7-02b625729ea7,self-serve,9720668d-b89a-4ebc-b5d3-0771054811de,2023-07-05 11:27:09,4
06f124ad-285a-47c0-89c4-43f2d53ed8a8,159,xvilla@example.com,27,1053,2023-03-19 16:03:06,2023-03-21 06:03:06,26,Berry and Sons,19b58a60-ce3c-44a1-b50c-0af50cd58998,enterprise,a44d3aa8-2474-4067-8640-a34d78a202f5,2023-03-19 16:03:06,3
e52af929-4331-4b65-aa7a-07cdd066591d,603,kenneth60@example.org,96,1429,2023-05-30 10:56:08,2023-06-01 01:56:08,27,Jimenez Ltd,5744a0bf-17ef-4d4e-9c50-0d32856a9f9c,free,e588a29a-ef0b-48ad-ae63-b81a0c632252,2023-05-30 10:56:08,3
f22a29d4-47bc-4c0c-8107-52cf9807f6bd,495,mariabaker@example.org,38,1756,2023-01-18 11:15:35,2023-01-20 05:15:35,19,Smith-Miller,797f4c15-cb6d-4ef9-8804-67af24620d1f,free,ef7d870f-7aae-4a3b-89e3-06285f6d6e4a,2023-01-18 11:15:35,5
326a1f36-3881-476d-b360-6ea0f52521fd,608,emily64@example.net,72,1511,2023-07-07 07:44:51,2023-07-09 00:44:51,8,Coleman LLC,fe854415-9ff5-4c17-b222-75f7cd8a6416,enterprise,0caced04-ad3a-433c-a123-64b80e38e3d7,2023-07-07 07:44:51,5
7e3a172c-0451-4a0f-b0ba-8dffadd09e57,890,jordankemp@example.org,63,1868,2023-01-09 22:54:11,2023-01-11 11:54:11,10,Cruz-Coleman,ebc21759-f89f-4b75-80c9-71580006e4ca,enterprise,935b336a-658d-4cf6-b56b-71127292eb32,2023-01-09 22:54:11,4
51977cf7-3210-41d6-b448-99312f04fc01,564,butlerkimberly@example.org,75,1867,2023-03-29 08:26:00,2023-03-30 02:26:00,34,Martin PLC,6a10a068-9032-4cf8-b6ae-e118ab9a5659,enterprise,425e41b8-7609-4302-a413-8b48014b2bc0,2023-03-29 08:26:00,1
d1a32fe9-34d0-4d63-969d-af870cb140ac,73,greenadam@example.net,66,1351,2023-06-16 17:28:11,2023-06-17 13:28:11,7,"Moreno, Roberts and Johnson",d035ee8d-1823-425b-aac1-1d31b20ad476,free,ad080f04-9753-4008-857a-faf5241512fb,2023-06-16 17:28:11,3
ad5e4aa7-e5cb-4a21-a714-61987cf2f5be,419,matthew85@example.net,38,1823,2023-07-04 09:55:42,2023-07-06 03:55:42,6,"Roach, Brown and Castillo",5023e63b-d565-464c-98a8-ac57cd2b44a4,free,f4e986cf-f7ac-43ea-8b17-d59908c1188e,2023-07-04 09:55:42,5
b71b50d6-f503-4acd-8fe3-ad3fd4500b81,574,ebrady@example.org,84,1512,2023-03-15 06:34:30,2023-03-16 10:34:30,5,Gonzales and Sons,c06c8ea9-fb0e-482d-a066-d21a6a6f3805,self-serve,daa905a4-d9be-4960-9147-76cb8a3fcd03,2023-03-15 06:34:30,5
0724ee65-b82d-4f23-8cef-d0929b5d9ea8,981,melindanorman@example.net,23,1611,2023-04-02 09:09:52,2023-04-03 01:09:52,36,"Johnson, Duran and Wyatt",37ea984d-4f70-476e-9d67-c2b04ac9bbb7,free,3850f1bd-c032-494f-b273-bcd53b91dc27,2023-04-02 09:09:52,3
bfcb1506-333d-45c2-8b40-ac3025919f7b,933,copelandanna@example.com,53,1844,2023-03-12 04:06:27,2023-03-13 10:06:27,26,Pierce PLC,3bc0df1b-e106-47e5-8bc6-01a8c1287719,free,4d93c659-8d2e-4d47-8a50-299d3f496b19,2023-03-12 04:06:27,2
0138b379-8ed1-44a6-9b80-218aea7f61d6,494,denise11@example.org,44,1964,2023-01-11 22:20:55,2023-01-12 06:20:55,21,Shepherd-Sullivan,d61b809a-ed49-44ab-8cd8-b1668c88799e,enterprise,61ae6d9a-4c85-4dcf-8264-b88abb443a36,2023-01-11 22:20:55,1
562bca7b-8a3f-469d-8791-b0a979381e7c,653,barbara01@example.com,15,1737,2023-01-14 12:17:36,2023-01-14 16:17:36,14,Williams PLC,81ac0620-0ad8-4e31-b5b6-d174dcb6ac2d,enterprise,d7ccf244-4b6f-4933-b554-9c63062f57e3,2023-01-14 12:17:36,5
1c7f11c4-409c-488c-a454-9fe13ef2ac90,23,burgessdominique@example.org,38,1004,2023-02-12 17:27:56,2023-02-14 10:27:56,38,Johnson-Webb,cdd6d7a8-a6df-497b-ab4d-f612bb7cc324,enterprise,d26babde-1ff7-40be-9ffe-f131003aa17b,2023-02-12 17:27:56,2
b080fca7-c4c5-4d23-adfe-2647def94fd8,391,igarcia@example.org,62,1838,2023-02-23 16:20:11,2023-02-24 01:20:11,16,Phillips-Kaiser,7ef28144-7cab-448e-8292-2a43a755c3d5,enterprise,0f1421cc-95df-49d7-9af0-45939dd33914,2023-02-23 16:20:11,2
7704a013-5b17-4b18-8559-8209ff1bbf2c,498,helen89@example.com,65,1726,2023-04-09 09:34:38,2023-04-10 23:34:38,33,Parker-Bruce,83de0238-5a9a-48e4-8069-f529954f0cd2,self-serve,ff517111-a77e-4df1-b0a4-1ae9841389b5,2023-04-09 09:34:38,4
54225d66-8ea9-4871-a6cb-7e744ea5ef54,752,yhansen@example.com,1,1898,2023-01-12 03:54:17,2023-01-12 19:54:17,14,Figueroa Inc,625b1658-1e98-4f89-9f4a-236c90831e17,self-serve,6b041078-03a7-4993-9745-9abbe7eb053f,2023-01-12 03:54:17,4
1e144b1f-0e8f-4d43-8dc7-b6ee2097bddf,278,xward@example.com,58,1853,2023-02-21 02:22:50,2023-02-24 02:22:50,2,"Lee, Hernandez and Burke",f7c82b96-0bc8-4ddd-93b4-2ecc290080ac,self-serve,132d125f-022d-4d98-a870-7bc61584f275,2023-02-21 02:22:50,3
0aba57fc-4cf3-4d7e-bb0b-e9447b008837,580,rstrickland@example.org,87,1798,2023-05-19 21:28:50,2023-05-22 02:28:50,3,Hill-Roberts,7c7fcf1f-2d07-4895-aaab-8727e5b6a97e,self-serve,30b1c55e-f24b-4068-8b18-a56ee765df7d,2023-05-19 21:28:50,3
0bf79576-6518-4046-9d8c-b759b2f9a69f,982,zgonzalez@example.net,93,1429,2023-03-13 03:57:03,2023-03-16 01:57:03,31,"Bauer, Collins and Barnett",5432cae6-9baa-4a7f-9cb8-5ecb4c765f3e,self-serve,1663bf3c-4273-4c2c-b5e3-972171ad53c5,2023-03-13 03:57:03,2
220d0cd1-5e58-4396-9d24-9c29894fa5dd,663,ejones@example.org,25,1158,2023-03-07 09:29:12,2023-03-08 11:29:12,33,Patton Ltd,e300fb0c-cd4e-47d0-ad97-79ebc0f2bf49,free,68d339a2-d1dc-428e-8795-9ced1e9d0e0c,2023-03-07 09:29:12,1
e24c70c1-0d7f-4bf0-8ff2-ab48fc69e95f,789,vreynolds@example.org,39,1645,2023-03-02 07:58:26,2023-03-04 09:58:26,25,Taylor-Graham,55b132d5-ec45-4396-9dae-103e4718342f,enterprise,60eb8376-37ad-48aa-b9f3-ad55fa190085,2023-03-02 07:58:26,2
07ff1077-71a4-4c1e-a35b-c74481a63664,327,hebertjohn@example.org,6,1405,2023-03-20 21:22:06,2023-03-21 21:22:06,44,"Williams, Campos and Martinez",31eb62f7-29cd-4afd-b368-571917cfb886,self-serve,4554bc3c-ac2e-4d05-bfc0-167365499fdb,2023-03-20 21:22:06,1
940134a2-e4e8-42a0-bbe6-8b67df9eb644,949,wumario@example.net,24,1061,2023-01-22 21:13:14,2023-01-25 20:13:14,4,Brown Ltd,035a3d54-9a3b-423b-920a-1801cf080348,self-serve,021e42a0-f35e-4360-acb2-9285aa14e27a,2023-01-22 21:13:14,5
54933438-263b-4330-a19c-dd85968cdea8,858,reedzachary@example.com,69,1101,2023-04-06 21:11:04,2023-04-06 22:11:04,33,"Booth, Bautista and Johnson",fceee89b-7f98-474c-88c4-c037bec393c8,enterprise,c2640182-dbb2-4f52-bbd6-ad00d32e04d3,2023-04-06 21:11:04,2
758703ca-b903-4335-844e-bf7e3fad7029,554,ecollins@example.com,45,1820,2023-05-06 12:49:41,2023-05-09 12:49:41,18,Kelly-Hahn,1ce5d4af-6577-4e5b-9e65-78b13c8cbab4,self-serve,16db12b5-1dac-474f-a93f-9f0be634b00f,2023-05-06 12:49:41,4
4b6ff310-a518-4c32-9070-69f6cc642421,431,conniebolton@example.org,92,1100,2023-06-05 16:50:17,2023-06-06 15:50:17,15,"Williams, Parsons and Brown",82afc75b-e285-4b0c-91e6-2e44dec8dc19,enterprise,53700e8c-eb3c-4995-931e-f099f827de5a,2023-06-05 16:50:17,3
cb7aad09-3382-4797-bdcd-e16d57a1fb2b,768,breed@example.com,31,1447,2023-02-23 01:32:42,2023-02-24 10:32:42,21,Wilcox-Ortiz,2507ad33-69b4-466f-b3cb-1968a42ef59d,free,beeede7b-226e-45b7-adb7-6a81cc429bd6,2023-02-23 01:32:42,5
6761e76b-3a57-47c0-a553-f78942a84b37,635,jerrysmith@example.com,13,1619,2023-03-17 05:59:16,2023-03-19 20:59:16,14,"Patton, Moore and Hunt",78e78ed6-064d-4208-8b60-87b0d59e5284,enterprise,10170a53-cd63-42cc-9c3f-b6d27baa2917,2023-03-17 05:59:16,4
2cc4899f-af74-4986-acd5-6826865d6658,696,allenrachel@example.com,27,1727,2023-04-06 10:11:36,2023-04-07 13:11:36,45,"Reed, Bush and Jones",3f5b3c50-3079-4ed2-bf61-5db20b349675,self-serve,b9828c80-02a5-4cbd-846e-6395a5b3d4e4,2023-04-06 10:11:36,2
861de508-b113-4077-b216-7722a7116e62,705,vanessa77@example.org,50,1351,2023-05-09 10:51:36,2023-05-10 18:51:36,13,Griffith Ltd,3ec08fe3-fb36-4763-b758-91d0d48d2e36,enterprise,abd3de22-449a-4501-b986-8558db379eb6,2023-05-09 10:51:36,5
7b14424c-0723-4659-896d-fda0dc2b3554,21,martinezangela@example.net,8,1030,2023-05-22 08:34:41,2023-05-24 22:34:41,15,Thompson Group,39c31102-2118-4006-b27d-51bb19f24edb,free,6213c56d-a42a-40e9-b120-638186aee6f9,2023-05-22 08:34:41,4
e1f9a862-c77d-41e2-9607-ecf3b85a2844,524,johnstonsamantha@example.net,6,1123,2023-01-09 22:33:49,2023-01-12 19:33:49,41,"Lucero, Rivers and Pearson",4ff174fc-55a2-40f7-b58b-e8f5c837b49b,self-serve,dae94749-5ae3-4f10-8d81-d3a875229560,2023-01-09 22:33:49,3
a23c858a-8a05-4972-bacf-4bc2ee7b0c83,464,kingerik@example.net,82,1443,2023-06-26 12:34:23,2023-06-28 11:34:23,41,Moses Inc,ed51e290-bd55-438f-8b11-45008ef60935,free,1ac9fc38-f744-4e09-8fe5-ca245252a62d,2023-06-26 12:34:23,5
346f9718-1d6e-4fcf-aee7-28c1dd701607,828,stephanieroberts@example.org,21,1595,2023-05-27 22:27:10,2023-05-30 03:27:10,27,Luna-Stone,8dce49d6-3bdd-4cf2-98a4-05c102bebb84,self-serve,2bca7763-4309-4ae4-ac33-6ede681a6f8e,2023-05-27 22:27:10,2
fa4d7c8a-d6ac-48a6-816d-a81d148c3d8f,948,ngraves@example.net,59,1525,2023-04-17 14:15:04,2023-04-19 01:15:04,22,"Nguyen, Hardy and Martinez",ae5fbb1a-4a5e-403e-9e4d-473c200bb3e2,free,d5ada9da-b993-4448-960b-0394545ba606,2023-04-17 14:15:04,5
419c3ce9-a73f-4d55-b626-aca56196773e,342,whitney27@example.net,87,1446,2023-03-22 13:20:13,2023-03-23 02:20:13,28,"Clark, Austin and Chung",05b493e7-2102-4085-a83e-3ad45a3a952f,free,14edf971-0399-4844-bdeb-c3cc92d3063f,2023-03-22 13:20:13,4
03e65f3a-f693-48f1-af93-4a30d0640bf3,377,mooretimothy@example.com,9,1375,2023-04-16 18:17:10,2023-04-19 09:17:10,23,Martinez Inc,8689fe36-a2a1-4642-a2c9-2415af758a8f,free,f5d45898-008a-49a3-bf66-b1a0d6f698d7,2023-04-16 18:17:10,3
fde03f6c-63cd-4125-bfe4-c92cab9f887b,932,jeremiahrichmond@example.org,48,1748,2023-05-25 02:45:16,2023-05-26 17:45:16,11,Patrick-Williams,9cdf153e-46fb-4c59-a52d-c3701925ff12,enterprise,9990f625-754b-4377-b075-47070eaaefaf,2023-05-25 02:45:16,3
ebc44529-6349-4aca-84aa-b26948cc161c,234,suzanne78@example.org,76,1338,2023-05-17 01:09:34,2023-05-18 20:09:34,19,Frazier-Banks,979505dd-59ef-4f25-b064-b8e081879455,free,d71d2144-2977-4800-b786-192c55115987,2023-05-17 01:09:34,2
4ba98ba3-c924-481c-a0f3-cb3f17b7e45d,737,ariaschristina@example.org,80,1624,2023-07-17 22:38:40,2023-07-18 13:38:40,31,Miller-Friedman,29bf9933-30b6-482d-b468-f00e16f19184,self-serve,e46982ae-a949-43c0-b583-9d1c8f485bbf,2023-07-17 22:38:40,2
29595a19-079c-4e27-9e8e-f132623dbc05,120,kdonaldson@example.net,59,1820,2023-08-06 20:14:54,2023-08-07 06:14:54,12,"Huerta, Green and Melendez",b66ee6d0-cbf2-4834-8a8f-06eb60fc3764,free,673fc592-13fd-4c60-b7ab-e5bfc070a1b0,2023-08-06 20:14:54,2
deacba05-159c-4413-aa69-bbdfeaf07356,904,ashley57@example.org,67,1003,2023-04-20 23:35:03,2023-04-21 13:35:03,23,Lucas Group,8b26de06-c630-435a-b3d1-064c13d8de33,free,53c7c769-8989-49ad-a74e-7e66f872f1f0,2023-04-20 23:35:03,3
f094d849-83da-4a7c-8fa7-0f4b035cb3a5,801,reyesmichael@example.org,95,1369,2023-04-06 08:25:24,2023-04-09 08:25:24,16,Buckley and Sons,95532255-2a87-45b9-9cd8-c299f87092f9,self-serve,355861c0-d324-4e37-b401-48d496b9ec64,2023-04-06 08:25:24,5
40bcf91e-0de7-4e21-aa43-14799f03c5a4,150,kennethkidd@example.org,91,1495,2023-06-09 23:28:30,2023-06-11 05:28:30,4,Frank PLC,1d96e5c4-8334-4b20-ab55-74136f925076,self-serve,ff3f8d0f-e0a9-4f41-81c0-3eb845c1eaa5,2023-06-09 23:28:30,4
01a9c275-2080-4df6-99ca-d10b7b04032c,862,liderek@example.org,68,1326,2023-05-14 04:23:55,2023-05-14 12:23:55,45,"Lewis, Pearson and Hernandez",0aaeefff-9f58-4769-a56e-7a5b0bf36481,self-serve,51caa691-5080-4abe-84f5-80f790ef9c5a,2023-05-14 04:23:55,2
514feb6d-0bbf-41e5-9560-6898ced1f1a5,524,christopher58@example.org,82,1973,2023-02-24 16:43:03,2023-02-26 18:43:03,46,Becker-Martinez,b79c005d-1590-471c-b86b-38a96d724455,enterprise,b4e0eb36-94a2-404b-a344-a5275049eeed,2023-02-24 16:43:03,5
e0b98c17-b268-4114-b200-bd26bfaa51d8,456,stevenstravis@example.com,86,1828,2023-05-26 20:32:27,2023-05-27 05:32:27,39,"Flores, Coleman and Chan",f9ce6594-1f09-4182-8144-551097f93463,self-serve,d0ce76d1-cdda-4bc5-b91e-0bbef13d83a9,2023-05-26 20:32:27,1
012e4622-b31b-401b-af1a-e601f84da25e,918,jonathan95@example.com,12,1008,2023-02-07 21:00:16,2023-02-09 00:00:16,49,Nguyen and Sons,5d3d6e49-79dd-47fb-a408-ec5936d2d94a,enterprise,d4520711-9233-485a-a07a-ad7729c785c1,2023-02-07 21:00:16,2
b68f92ee-5654-42f6-9fe2-bb8df8b63e30,28,paul86@example.com,76,1170,2023-04-13 02:26:44,2023-04-15 14:26:44,13,"Williams, Anderson and Freeman",3201c7ed-4270-4c05-b0e9-ef32ccba539d,self-serve,7d5cfefb-5c22-4893-8886-d8dc7da36cd9,2023-04-13 02:26:44,4
7772ea2a-d10f-42f8-a822-dcce267101cb,496,reevesmichelle@example.net,82,1428,2023-08-06 23:46:35,2023-08-08 18:46:35,26,"Faulkner, Hopkins and Navarro",8053c1fc-bc12-40e7-8a1c-3369298ad766,self-serve,0ad5414d-e29f-4a60-8424-d99ca08d347f,2023-08-06 23:46:35,5
8b7e0485-9550-4b42-83a8-acaf8492e0e7,817,zimmermanmelissa@example.com,80,1992,2023-03-15 09:26:05,2023-03-15 11:26:05,3,Kim-Stewart,7e813a39-7f23-4999-871f-b561fa86f845,free,6cd1f0ed-9881-4273-8feb-9e76bfce3b1e,2023-03-15 09:26:05,2
1203032f-6d5a-470f-b8de-a59bfbf6bf72,181,jenniferellis@example.net,8,1202,2023-08-09 18:47:20,2023-08-10 02:47:20,1,Diaz Group,4bbf1896-f99d-463c-8b27-098488b2fce7,enterprise,c82fd5c0-165b-42f1-b90b-5449b651111d,2023-08-09 18:47:20,2
68084a2e-735e-480c-8dc2-416a8219e654,818,stephenchen@example.org,91,1304,2023-03-12 16:07:35,2023-03-13 01:07:35,22,Knight-Marks,4e1dd56a-bf4b-4a2a-9d6d-f99e52c61757,free,566f93b8-60b0-4ff8-96c8-d3f100760266,2023-03-12 16:07:35,1
6769f126-c128-49eb-beb3-88dee8d07062,583,reneeyoung@example.org,30,1243,2023-04-25 04:03:32,2023-04-27 06:03:32,11,Dean Ltd,3d511dfc-4dd8-45cf-b606-e0ed3517a3c4,free,a14511bd-f291-41f4-ba57-a6385b1cc402,2023-04-25 04:03:32,4
d4a0a450-deef-42eb-bafa-63536ca9b661,190,lsims@example.com,12,1397,2023-03-08 22:30:03,2023-03-11 08:30:03,5,Powell-Reynolds,781092c8-5ae8-42ed-9fa2-32057e479118,self-serve,312afc5c-8485-4eeb-b2c1-7e8f10e666e9,2023-03-08 22:30:03,4
b80aedec-2605-4138-ace4-7559fa5e8050,486,timothy45@example.org,92,1742,2023-08-09 23:40:05,2023-08-12 23:40:05,43,"Newman, Matthews and Perez",af356e44-6692-4ff2-af81-5e32cf186c95,free,4f2ddad0-7a40-4815-857f-0d2adfc942b5,2023-08-09 23:40:05,3
